"species","EX_cpd00001_e0","EX_cpd00418_e0","EX_cpd00075_e0","EX_cpd00009_e0","EX_cpd00023_e0","EX_cpd00027_e0","EX_cpd00028_e0","EX_cpd00030_e0","EX_cpd00034_e0","EX_cpd00039_e0","EX_cpd00041_e0","EX_cpd00048_e0","EX_cpd00051_e0","EX_cpd00053_e0","EX_cpd00064_e0","EX_cpd00073_e0","EX_cpd00098_e0","EX_cpd00105_e0","EX_cpd00107_e0","EX_cpd00108_e0","EX_cpd00118_e0","EX_cpd00119_e0","EX_cpd00129_e0","EX_cpd00149_e0","EX_cpd00154_e0","EX_cpd00156_e0","EX_cpd00161_e0","EX_cpd00179_e0","EX_cpd00209_e0","EX_cpd00210_e0","EX_cpd00224_e0","EX_cpd00244_e0","EX_cpd00264_e0","EX_cpd00268_e0","EX_cpd00305_e0","EX_cpd00322_e0","EX_cpd00266_e0","EX_cpd00540_e0","EX_cpd01055_e0","EX_cpd03424_e0","EX_cpd08305_e0","EX_cpd10516_e0","EX_cpd00067_e0","EX_cpd00092_e0","EX_cpd00367_e0","EX_cpd00309_e0","EX_cpd00311_e0","EX_cpd00130_e0","EX_cpd00971_e0","EX_cpd00137_e0","EX_cpd00060_e0","EX_cpd00104_e0","EX_cpd00220_e0","EX_cpd00084_e0","EX_cpd00644_e0","EX_cpd00246_e0","EX_cpd00182_e0","EX_cpd00013_e0","EX_cpd00020_e0","EX_cpd00029_e0","EX_cpd04098_e0","EX_cpd00063_e0","EX_cpd01012_e0","EX_cpd00058_e0","EX_cpd01242_e0","EX_cpd10515_e0","EX_cpd00047_e0","EX_cpd00082_e0","EX_cpd00106_e0","EX_cpd00870_e0","EX_cpd00222_e0","EX_cpd00033_e0","EX_cpd00205_e0","EX_cpd00208_e0","EX_cpd01262_e0","EX_cpd11574_e0","EX_cpd01132_e0","EX_cpd00396_e0","EX_cpd00036_e0","EX_cpd01217_e0","EX_cpd00751_e0","EX_cpd00035_e0","EX_cpd00132_e0","EX_cpd00099_e0","EX_cpd01015_e0","EX_cpd01741_e0","EX_cpd00277_e0","EX_cpd01107_e0","EX_cpd03847_e0","EX_cpd15298_e0","EX_cpd00214_e0","EX_cpd15237_e0","EX_cpd01080_e0","EX_cpd15269_e0","EX_cpd01113_e0","EX_cpd03846_e0","EX_cpd00653_e0","EX_cpd00531_e0","EX_cpd01399_e0","EX_cpd00254_e0","EX_cpd04097_e0","EX_cpd00489_e0","EX_cpd00185_e0","EX_cpd00010_e0","EX_cpd15494_e0","EX_cpd00794_e0","EX_cpd00054_e0","EX_cpd11976_e0","EX_cpd00133_e0","EX_cpd00153_e0","EX_cpd00136_e0","EX_cpd00380_e0","EX_cpd00109_e0","EX_cpd15561_e0","EX_cpd00110_e0","EX_cpd15560_e0","EX_cpd00006_e0","EX_cpd00003_e0","EX_cpd17027_e0","EX_cpd17026_e0","EX_cpd11606_e0","EX_cpd11451_e0","EX_cpd00281_e0","EX_cpd00138_e0","EX_cpd00314_e0","EX_cpd02733_e0","EX_cpd01354_e0","EX_cpd03808_e0","EX_cpd00393_e0","EX_cpd00526_e0","EX_cpd02829_e0","EX_cpd23431_e0","EX_cpd23430_e0","EX_cpd01663_e0","EX_cpd35610_e0","EX_cpd11746_e0","EX_cpd01376_e0","EX_cpd90020_e0","EX_cpd00011_e0","EX_cpd00007_e0","EX_cpd01981_e0","EX_cpd00141_e0","EX_cpd01861_e0","EX_cpd00453_e0","EX_cpd00071_e0","EX_cpd00150_e0","EX_cpd08021_e0","EX_cpd00450_e0","EX_cpd00363_e0","EX_cpd00055_e0","EX_cpd00448_e0","EX_cpd00025_e0","EX_cpd00239_e0","EX_cpd11640_e0","EX_cpd00359_e0","EX_cpd00659_e0","EX_cpd00371_e0","EX_cpd00811_e0","EX_cpd01024_e0","EX_cpd00204_e0","EX_cpd00528_e0","EX_cpd11632_e0","EX_cpd03662_e0","EX_cpd00178_e0","EX_cpd01618_e0","EX_cpd00211_e0","EX_cpd11416_c0","EX_cpd00276_e0","EX_cpd00366_e0","EX_cpd00017_e0","EX_cpd00184_e0","EX_cpd00069_e0","EX_cpd00066_e0","EX_cpd00100_e0","EX_cpd00121_e0","EX_cpd00159_e0","EX_cpd00012_e0","EX_cpd00588_e0","EX_cpd00065_e0","EX_cpd00280_e0","EX_cpd00221_e0","EX_cpd00573_e0","EX_cpd00076_e0","EX_cpd00832_e0","EX_cpd00306_e0","EX_cpd00158_e0","EX_cpd11842_e0","EX_cpd00122_e0","EX_cpd21520_e0","EX_cpd02992_e0","EX_cpd90017_e0","EX_cpd90008_e0","EX_cpd90005_e0","EX_cpd90007_e0","EX_cpd90006_e0","EX_cpd90003_e0","EX_cpd90004_e0","EX_cpd15499_e0","EX_cpd15500_e0","EX_cpd00249_e0","EX_cpd00412_e0","EX_cpd03724_e0","EX_cpd00232_e0","EX_cpd00024_e0","EX_cpd11595_e0","EX_cpd00038_e0","EX_cpd00117_e0","EX_cpd00550_e0","EX_cpd03047_e0","EX_cpd00307_e0","EX_cpd01030_e0","EX_cpd01092_e0","EX_cpd17760_e0","EX_cpd00949_e0","EX_cpd02840_e0","EX_cpd04945_e0","EX_cpd00609_e0","EX_cpd00139_e0","EX_cpd00164_e0","EX_cpd12085_e0","EX_cpd90001_e0","EX_cpd03091_e0","EX_cpd03198_e0","EX_cpd22614_e0","EX_cpd31356_e0"
"cluster_CAR2_bin_10",-1909.7981365703088,0.981,-0.981,-0.506487819988479,-23.24164497577275,-679.825212358685,-0.002069555996253655,-0.003825,-0.003825,-1.5049950538067665,-0.399300480820016,11.24643067162085,-0.0588951900059226,-19.17343042394547,-0.6467480439615967,331.636850414346,0.0,-1.75032213172752,-5.191441371882847,0.0,-0.002069555996253655,-5.133638479943082,-8.3952265129806,-0.003825,0.0,-0.2106393806262091,-6.758637374105049,-0.023539733682586703,0.0,-0.0002556716208108389,0.0,0.0,-0.002069555996253655,-11.25,0.0,-1.045882819668156,0.0,0.0,0.0,0.0,0.0,-0.00971955599625365,0.0,NA,-0.965078800602176,NA,-1.26407466774601,-7.6257085987782,-1.213251721310371e-12,-131.87179726043308,-0.07650086958056669,0.0,-0.004139111992511231,-0.35095731106765027,0.0,-0.994833216012705,-2.2427440485055747,125.68989714236,-19.20208165761514,-243.2289054547428,0.0,-0.003825,0.0,-0.003825,0.0,0.0,1029.9480022399766,-1.390166182580275,-18.670221909860402,0.0,-1.8045560238921499,-679.825212358685,-0.003825000000006185,0.0,0.0,0.0,0.0,0.0,-856.937989280974,-0.9205641661489481,0.0,-0.271208591107691,-2.0624906878015934,-0.003825,0.0,-29.10660107785168,5.395639632166018,0.0,0.0,0.0,0.0,0.0,0.0,0.0,0.0,0.0,0.0,0.0,0.0,-0.003825,0.0,0.0,0.0,-0.004139111992588445,0.0,-0.2495468487267645,-3.862843464384185,0.0,NA,0.0,0.0,-29.648823312701623,0.0,0.0,0.0,0.0,-0.002936603448284481,-0.001202508523419965,0.0,0.0,0.0,0.0,0.0,-0.715096085663135,-0.314408208626231,0.0,0.0,0.0,-0.00620866798878828,0.0,0.0,0.0,0.0,0.0,0.0,0.0,0.0,NA,4278.578581026981,-630.0,0.0,716.445459828905,-6.064207238099149,-5.9956771097895505,-10.084021668150049,0.0,0.0,0.0,-27.56368765551065,-14.36388574634915,-6.8858548087203,-5.46547799198995,11.74644902696455,4785.963213299148,-0.0282948421736638,0.0,0.0,0.0,0.0,-0.093622789735973,0.0,0.0,0.0,0.0,0.0,894.0452446788962,0.524380266,NA,0.0,-0.197286518500015,NA,NA,NA,NA,-1.13686837721616e-13,NA,NA,NA,NA,NA,NA,NA,NA,NA,NA,NA,NA,NA,NA,NA,NA,0.0,0.0,0.0,0.0,0.0,0.0,NA,NA,NA,NA,NA,NA,NA,NA,NA,NA,NA,0.0,NA,NA,NA,NA,NA,NA,NA,NA,NA,NA,NA,NA,NA,NA,NA,NA
"cluster_CAR1_bin_16",-7271.854670482227,0.0,0.39915,-8.731219452774525,-571.7444664040089,-17922.43445186523,-0.043705788201235864,-0.09409500000000011,-0.09409500000000011,75.82795109039654,-49.11395914086204,-0.09409500000015004,-21.30718784562279,-307.55790907788844,-68.68384685119887,452.54356376622957,0.0,-43.05792444049703,-57.60163921171085,0.0,-14.929669419981883,2.3088728826702933,-170.12565173687693,-0.09409500000000011,0.0,207.63183727572445,-166.26247940298433,-0.5743695018551163,-0.39915,0.0,0.0,0.0,-0.043705788201235864,0.0,0.0,-31.927283621488687,0.0,0.0,0.0,0.0,0.0,-0.2240534669214901,503.643691859057,-32.27117221460289,-23.740938347229974,-113.59011660492122,69.88968718259228,-75.70570061016298,2.592059900052847e-11,13112.996693289606,-2.0567445444936583,0.0,-0.08741157640285827,-4.072120285361943,275.588924408366,102.92924167892716,91.32511454037387,14100.19913768175,-472.37120877746696,-1010.1689935782324,0.0,-0.09409500000000011,0.0,-0.09409500000000011,0.0,-0.007842321279745119,-31421.209894686857,202.67242303465858,542.0254157269566,NA,-44.392078187747025,-16904.031802025525,-0.09409500000015215,0.0,0.0,0.0,0.0,NA,1899.2259524526694,-48.79305317692269,0.0,-33.35865670624597,163.02773703644604,-0.09409500000000011,0.0,14.57630585204708,88.7940459358122,0.0,0.0,0.0,0.0,0.0,0.0,0.0,0.0,0.0,0.0,0.0,0.0,-0.09409500000000011,0.0,NA,0.0,-0.08741157639817226,0.0,0.0,-95.02594922385079,0.0,111.7354956682285,0.0,NA,0.0,0.0,0.0,0.0,0.0,0.5674442166238622,-0.6340499864221765,0.0,0.0,0.0,0.0,300.7682410130106,-17.59136370731313,-7.734441932205287,0.0,0.0,0.0,69.4961019922065,0.0,NA,0.0,0.0,NA,NA,NA,NA,NA,67278.83040846758,-15300.173426600106,0.0,-382.6431070024977,-149.17949805723777,-145.08168003124513,-248.0669330364909,0.0,0.0,0.0,-575.9505701187445,-353.35158936018973,215.3292481735001,119.73239121314222,2.994407162080786,93479.02095628179,-23.2616226696073,0.0,0.0,0.0,0.0,0.0,0.0,0.0,0.0,0.0,0.0,4217.086287209624,12.899754543599993,0.0,NA,NA,0.0,-1.6885733034970856,-2.2686175680573117,-964.193960830124,389.7465825446,-427.5465994007928,-2.186825373513367,-35.31160021009565,22.56556955213516,0.0,-205.72038626377247,79.90359054423584,0.0,NA,0.0,0.0,NA,NA,NA,NA,NA,0.0,0.0,0.0,0.0,0.0,0.0,NA,NA,NA,NA,0.0,292.20709086694745,36.62166053578467,0.0,0.0,352.71197512672046,295.8487330997481,NA,NA,NA,NA,NA,NA,NA,NA,NA,NA,NA,NA,NA,NA,NA,NA,NA
"cluster_CAR3_bin_11",6382.6870887779905,35.316000000000024,-35.316000000000024,-80.58700880664192,-385.92079361385555,-11512.252813636587,0.285343636864439,-0.06426000000000004,-0.06426000000000004,-38.89253294915258,-33.541240388881356,-333.4997250000002,-13.490566489918036,-298.40135871921257,-46.90604175203807,197.2765631206604,0.0,-29.40541181302236,-26.080314660869195,0.0,NA,-0.7922555808625886,-102.91374529066023,-0.06426000000000004,0.0,-5.892611540965766,91.06281552341913,-0.39546752586745726,0.0,-0.004244148905459723,0.0,0.0,NA,-139.5,26.610360369615,276.5013600734577,0.0,0.0,0.0,NA,NA,-0.3143272511430558,1344.9250268547428,NA,0.0,NA,-1.26407466774601,-126.70894925592042,7.2759576141834235e-12,2062.1220729106717,25.223323605639465,0.0,-0.06953708147456014,16.214277543678456,184.030832258144,0.0,40.99112176315119,9019.386293705416,565.53047959832,8734.246338950428,0.0,-0.06426000000000004,0.0,-0.06426000000000004,0.0,-0.1690734671955044,-217.034354661492,-23.354791867348645,446.54828884013307,0.0,-30.316541201388144,-9720.243839128034,-0.06426000000010303,-13.235624974312346,0.0,0.0,0.0,NA,-2606.5728570354763,0.0,NA,-22.78152165304602,-76.96612061730781,-0.06426000000000004,NA,2831.895832790846,40.48185386046581,0.0,0.0,0.0,0.0,0.0,0.0,0.0,0.0,0.0,0.0,NA,NA,-0.06426000000000004,NA,NA,0.0,-0.06953708148640099,NA,88.88262390282199,195.52158163929673,NA,NA,0.0,NA,0.0,0.0,0.0,0.0,0.0,0.6614452861997158,-0.011763988624832222,0.0,0.0,0.0,0.0,-55.45223962459318,-12.013614239140688,-5.282057904920683,0.0,NA,NA,-0.10430562221133749,0.0,0.0,0.0,0.0,0.0,0.0,NA,NA,NA,39053.37189913225,-10584.0,0.0,-1188.3617334007592,-101.87868160006467,-64.54772240079868,-169.41156402492066,0.0,0.0,0.0,494.3845605499517,-235.56772624012643,254.55363262484047,35.2730653329668,542.2363803372945,28214.07513709496,0.0,0.0,0.0,0.0,0.0,0.0,0.0,0.0,0.0,0.0,0.0,-2796.606297922496,8.809588468799996,-2.70403364199348,NA,NA,130.208675920475,132.627655231634,-1.5492998025757247,-641.4384439810405,0.0,227.95093360737286,34.96439822448574,-24.115239167870172,-0.475353348517551,0.0,678.0038536648563,456.6264494646158,0.0,0.0,0.0,0.0,0.0,0.0,0.0,0.0,0.0,0.0,0.0,0.0,0.0,0.0,0.0,NA,NA,NA,NA,NA,NA,NA,NA,0.0,NA,NA,NA,NA,0.0,NA,0.0,0.0,0.0,0.0,NA,NA,NA,NA,NA,27.285353265556292,NA,NA,NA
"cluster_CAR1_bin_2",59617.87372210064,0.0,-4.50585,-23.62778588765496,4079.4104046853845,-31833.341239737114,0.14923062496558703,-0.16753499999999952,-0.16753499999999952,-39.502058092524486,-27.23247824401472,114.59554934239911,-20.04566161117459,-555.5426852980388,-120.05713067486079,3185.5203299804966,0.0,-76.6641093696652,-47.625645024548184,0.0,-0.08981873023740845,-2.065523478677472,-162.23818408071247,-0.16753499999999952,0.0,-19.123043007991736,-108.99580611716235,-1.031040335297296,-4.390650000000001,-0.01109614834318964,0.0,0.0,-0.09064655263590991,-121.5021415970275,0.0,-16.72949248701316,0.0,0.0,0.0,0.0,0.0,-0.4941624406434042,815.594644866543,-38.08826652891908,-42.27045135665875,415.05703324102967,183.63753779152873,-334.00603662648666,4.74025263486055e-11,14716.067475639102,-8.408784643154577,0.0,-0.1812931052761228,-6.1209467762491485,-0.449336986664321,-43.573694861356444,-97.75934616272309,20529.913976477004,-500.7999202385896,-26362.125126368373,0.0,-0.16753499999999952,0.0,-0.16753499999999952,0.0,-0.17143128959400586,-4074.441120531104,-60.889278797015756,-758.1566631023288,0.0,53.882600767829956,-29994.174896963625,-0.1675350000002709,0.0,0.0,0.0,0.0,0.0,-31745.808834634918,-40.83385312273718,0.0,-46.37666907941528,107.65605985111839,-0.16753499999999952,0.0,-695.6853483180537,-292.54252230689156,0.0,0.0,0.0,0.0,0.0,0.0,0.0,0.0,0.0,0.0,0.0,0.0,-0.16753499999999952,0.0,97.5586745856831,0.0,0.26804388136126633,0.0,0.0,-77.0819544360218,0.0,181.30399118910896,0.0,252.95951982060123,-434.1624402765847,0.0,0.0,0.0,0.0,0.17054113501069026,-0.4536122173249355,0.0,0.0,0.0,0.0,0.0,-31.178189334912574,-13.645316254378432,0.0,0.0,0.0,-0.27069792431015494,0.0,0.0,0.0,0.0,0.0,0.0,0.0,0.0,0.0,88632.00206290832,-26662.680530336027,0.0,36170.150017558044,-265.6122770287412,327.7487479189565,-441.6801490649741,0.0,0.0,0.0,727.0788059851376,1376.607358608453,404.01312248763986,-85.43857695107616,145.35448850144147,9071.551414080368,214.2971586386946,0.0,1046.1650057341992,0.0,0.0,-4.063229074541211,0.0,0.0,0.0,-62.50669970422067,0.0,34343.62488520297,22.967855650800104,-7.01761111850692,0.0,-8.641149510300714,NA,NA,NA,NA,NA,NA,NA,NA,NA,NA,NA,NA,NA,NA,NA,NA,NA,NA,NA,NA,NA,NA,NA,NA,NA,NA,NA,NA,NA,NA,NA,NA,NA,NA,NA,NA,NA,NA,NA,NA,NA,NA,NA,NA,NA,NA,NA,NA,NA,NA,NA,NA,NA,NA,NA
"cluster_CAR1_bin_9",-1551.7544175826067,0.0,1.19745,-45.869189472262356,-176.63650181587275,-5612.6687434249525,-0.017672522201886632,-0.02906999999999997,-0.02906999999999997,-5.452451854011489,-3.99300480820016,-0.02907000000004434,-6.496684957898909,1174.6643935745149,-4.467242071622691,120.10450668220237,0.0,-13.302448201129161,-10.162246473379023,0.0,-0.7993874360003493,-0.3789872543146996,-6.853364623097599,-0.02906999999999997,0.0,-2.297761653307844,482.8699119143914,-0.17890197598765886,-1.19745,0.0,0.0,0.0,-0.017672522201886632,0.0,0.0,-2.2556494801688753,0.0,0.0,0.0,0.0,0.0,-0.07458245582815287,361.271116277623,NA,-7.334598829351168,NA,-9.606967474869675,NA,-4.206412995699792e-12,-1941.7282292068694,-1.260908058148401,0.0,56.972062063173624,-0.6317231599217699,-0.713751922334154,-7.361765798494024,-14.814467102771069,-1022.118390742089,-145.93582059781116,14164.807730443159,NA,-0.02906999999999997,0.0,-0.02906999999999997,0.0,-0.00123006637373386,-8002.485526153225,-10.565262987610097,-141.89368651493908,NA,NA,-1930.742442148496,-0.029070000000047006,0.0,0.0,0.0,0.0,0.0,-337.869299336864,-5.683165652034311,0.0,-3.5257116843999823,-0.6859669303095908,-0.02906999999999997,0.0,-175.57529733022199,33.62061791281924,0.0,0.0,0.0,0.0,0.0,0.0,0.0,0.0,0.0,NA,0.0,0.0,-0.02906999999999997,0.0,NA,0.0,0.6784068779612444,0.0,-1.8965560503234113,-9.270824314522045,0.0,0.2092167463467262,0.0,NA,NA,0.0,0.0,0.0,0.0,-0.048676429086411795,-0.1958853616588838,0.0,0.0,0.0,0.0,-18.4840798748644,-5.434730251039832,-2.32662074383411,0.0,0.0,0.0,-0.0530175666062804,0.0,0.0,0.0,0.0,0.0,0.0,NA,NA,NA,23419.639903119536,-4661.453452200802,0.0,234.72436389508636,-46.08797500955309,-44.36801061244268,-76.6385646779404,0.0,0.0,0.0,992.6821166735305,-109.16553167225364,-52.33249654627423,72.59871665658724,0.33756824015559295,21743.490374826084,-0.25202652411926907,0.0,0.0,0.0,0.0,-0.6928086440462002,0.0,0.0,0.0,0.0,0.0,179.38381872902926,3.9852900215999982,-1.2232533142351458,NA,NA,NA,NA,NA,NA,NA,NA,19.53435196609219,NA,NA,NA,NA,NA,NA,NA,NA,0.0,NA,NA,NA,NA,NA,0.0,0.0,0.0,0.0,NA,NA,0.0,0.0,-18.950902416522226,-15.370745543979224,NA,NA,NA,NA,NA,NA,NA,NA,NA,NA,NA,NA,NA,NA,NA,NA,NA,NA,NA,NA,NA,NA,NA,NA
"cluster_CAR4_bin_8",-9497.787839142602,0.0,81.9846000000001,-23.806561682537208,-1027.2807079291545,-31944.412399102835,0.3867499801685855,-0.1690649999999995,-0.1690649999999995,-36.8678654072593,-83.8531009722035,31.34738413348151,-23.323291484096956,467.8300442052381,-115.64787086001951,-2976.7912018628667,0.0,409.83626567304987,276.5353470041069,-63.1213284576991,-0.7169253524749875,-2.07495509273536,331.6863611045145,-0.1690649999999995,0.0,-14.873953224360326,-298.73177193544427,-1.040456228770331,-88.21215000000022,4.489006120305123,0.0,0.0,18.72383887750972,-45.00571092540671,0.0,-23.260704733291995,0.0,0.0,0.0,0.0,0.0,-0.6601130854404081,1251.8958764807476,NA,-42.6564830164103,NA,-52.625055175109644,632.3793739061864,1.2039258479035258e-12,-9759.172961408345,-12.866830493711436,0.0,78.55745562614258,-1.7010832877838857,0.0,49.18774113756647,NA,37279.29461887971,-117.72919674191475,-30053.884778158037,0.0,-0.16906500000013705,0.0,-0.1690649999999995,0.0,-0.24771564479700292,31983.360112197977,175.85916474133558,44.897466114767,0.0,164.44450594216713,-31603.104753845375,-0.16906500000027339,0.0,0.0,0.0,0.0,0.0,14835.61648967132,1.9644239935133054,0.0,-58.852264270369204,-218.97856193889442,-0.1690649999999995,0.0,-567.2226484632291,79.3406020020124,0.0,0.0,0.0,0.0,0.0,0.0,0.0,0.0,0.0,0.0,0.0,0.0,-0.1690649999999995,0.0,-31.657916302771802,0.0,-0.18294875009678604,0.0,-11.029970713722953,-169.96511243290342,0.0,-0.5614449980467942,0.0,-41.316092895447,1534.7961469944164,0.0,0.0,0.0,0.0,0.1671121702253963,0.21138407799203468,0.0,0.0,0.0,0.0,0.0,-31.607246986310432,-13.896842821279417,0.0,0.0,0.0,-0.27442312510556005,0.0,0.0,0.0,0.0,0.0,0.0,0.0,0.0,NA,126142.51521771897,-27101.22972062783,18.81531325254395,-18187.341627456695,-268.03795992398204,-265.008928252699,-445.71375773223417,0.0,0.0,0.0,859.6429386007696,367.98902716063617,130.89237518038175,-239.08382320916715,42.301908975391164,99949.77325538086,441.660722683123,0.0,-748.0040043813794,0.0,0.0,-4.119402748382796,0.0,0.0,0.0,0.0,0.0,51452.367516152706,23.177607757200107,-7.049801995197286,0.0,1.785989440107639,NA,NA,NA,NA,235.592442894107,NA,NA,NA,NA,NA,NA,NA,NA,0.0,NA,0.0,NA,-0.07905822996097628,NA,NA,NA,0.0,0.0,0.0,0.0,NA,NA,0.0,0.0,NA,NA,NA,NA,NA,0.0,NA,NA,NA,NA,NA,NA,NA,NA,NA,NA,NA,NA,NA,NA,NA,NA,NA,NA,NA,NA
"cluster_CAR3_bin_2",-415.5723154876125,0.0,NA,6.497127718184398,-339.328016646282,-9485.991100704698,0.04960557125544593,-0.05584500000000003,-0.05584500000000003,-34.51420139586241,173.6353057473308,11.199008731070784,-12.731762608977444,-279.9320841896039,56.349661210184145,3355.553821608394,0.0,-25.554703123221813,-118.7403028159874,0.0,-10.21314424952608,-0.6885078262258493,-120.21031742666632,-0.05584500000000003,0.0,-16.39618392489676,-38.082148063602276,-0.34368011176576624,0.0,-0.0034259997188647775,0.0,0.0,-0.030215517545303335,-11.251427731351676,0.0,-19.087361458943843,0.0,0.0,0.0,0.0,0.0,-0.05584500000000003,104.07731475728,NA,0.0,NA,-2.9674356143289833,-111.33534554216162,1.2050804798491293e-11,-3093.2354213053195,-1.6579337517130806,0.0,61.616205127873535,1.6870974937031953,-0.724996930485645,-13.349653374070769,-4.927000407285724,2880.3514461720547,-280.3503922028135,-9409.104944897519,0.0,-0.05584500000000003,0.0,-0.05584500000000003,0.0,-0.16588160634605265,24244.55884932985,84.80139496051225,-272.5852398839615,NA,79.11221448213799,-9276.867717054343,-0.0558450000000903,0.0,0.0,0.0,0.0,0.0,-11075.015323648795,63.64253449032064,0.0,-19.798227150861425,-1.751869913396807,-0.05584500000000003,0.0,-401.6710948743527,0.228813302379018,0.0,0.0,0.0,0.0,0.0,0.0,0.0,0.0,0.0,0.0,NA,0.0,-0.05584500000000003,NA,NA,0.0,0.6645658954005121,0.0,-3.6433839914107655,217.4773914165199,0.0,-0.6781103591087899,0.0,130.03068539261017,-432.8728203654437,0.0,0.0,0.0,0.0,-0.09350998219231735,0.7111893062328911,0.0,0.0,0.0,0.0,10.328716666348608,-10.440402850681785,-4.590359845942975,0.0,0.0,0.0,-0.09064655263550599,0.0,0.0,0.0,0.0,0.0,0.0,0.0,0.0,0.0,44872.53427779468,-8391.329052903739,0.451202325596436,-7325.727407761683,-88.53742567624771,-87.53688580292739,-147.2267163549906,0.0,0.0,0.0,-387.3703421297914,-209.7127318966979,-100.5334802073162,25.514683232621813,8.172947919403093,24441.52568031199,0.0,0.0,0.0,0.0,0.0,0.0,0.0,0.0,0.0,0.0,0.0,30442.729372297625,7.655951883599996,-2.3499339983991363,NA,NA,0.0,-1.0075422370967717,105.31398762214606,-200.53203064719438,0.0,-98.9784653740484,-8.667539066381122,-20.95729118160146,-0.4131046957354909,0.0,-135.35719936533778,NA,0.0,0.0,0.0,0.0,NA,NA,NA,NA,NA,0.0,0.0,0.0,0.0,0.0,0.0,NA,NA,NA,NA,0.0,-47.35182697389516,-426.2503945277159,NA,0.0,NA,NA,NA,0.0,NA,NA,NA,NA,NA,NA,0.0,-218.4978286576491,0.0,0.0,NA,NA,NA,NA,NA
"cluster_CAR3_bin_6",-7547.740898322816,135.0954601754409,0.0,152.85367285257638,-1148.1372618031724,-34432.93436493166,-0.007887239625255928,-0.18895499999999918,-0.18895499999999918,824.3984461826876,231.57440815069378,-0.18895500000030305,39.89767187096983,-543.179107897598,-137.9260989613511,-2089.0844260887725,0.0,125.45546592186813,-404.22550396122193,-70.261750228932,-34.4116664353276,264.5518941511417,-18.21497019685582,-0.18895499999999918,0.0,-17.853043720035064,372.5286640359081,-1.162862843919784,0.0,0.0,0.0,0.0,-0.08776690801386365,0.0,4.56142956690218,-61.256965704989625,0.0,0.0,0.0,0.0,0.0,-0.45559392351133243,1895.472985853803,-138.35642267352304,-47.674892614378265,253.45090174305315,-62.445288586653085,-332.33916153956244,-4.774847184307914e-12,-9118.656539241278,-4.130210589353715,0.0,63.967258300080026,-8.21443203293757,NA,-49.14476087102753,-6.722713642464937,30667.093734043723,677.4699372581415,-11351.129053144628,0.0,-0.18895499999999918,0.0,-0.18895499999999918,0.0,-0.08996265289113728,-4314.636381009294,130.22811409148085,-827.1061050919968,NA,110.4660866794047,-29284.758482334204,-0.18895500000030555,0.0,0.0,0.0,0.0,NA,27120.42720172286,-97.98279784308849,0.0,-66.17489623027694,-69.19732673919606,-0.18895499999999918,0.0,-1403.0623872682954,0.0,0.0,0.0,0.0,0.0,0.0,0.0,0.0,0.0,0.0,0.0,0.0,0.0,-0.18895499999999918,0.0,NA,0.0,0.5494683158143341,0.0,-12.327614327102108,501.3424298204941,0.0,365.6307812586017,0.0,NA,0.0,0.0,0.0,0.0,0.0,-0.31639678906167695,-0.18575165303700142,0.0,0.0,0.0,0.0,441.9826099557741,162.52613357863657,-15.53176550613582,0.0,0.0,0.0,-0.2633007240406536,0.0,NA,0.0,0.0,NA,NA,NA,NA,NA,140179.23914000834,-29545.916797498954,0.0,-11341.55700000464,-299.571837562097,-291.36249548444937,-498.15067040661506,0.0,0.0,0.0,-378.12091075565183,-703.8304015711097,445.09868511166854,-243.30509421728212,0.7638121923085294,129526.87845853315,-93.0464906784293,0.0,0.0,0.0,0.0,0.0,0.0,0.0,0.0,0.0,0.0,39560.92990557867,25.90438514040015,0.0,NA,NA,131.828975237968,389.5120759806996,-4.55567918138337,-1936.226898532062,0.0,-858.5691874146005,-90.66364016482785,123.08701815507368,172.31704201134218,0.0,353.37475286525364,-94.60023370757193,0.0,NA,0.0,0.0,NA,NA,NA,NA,NA,0.0,0.0,0.0,0.0,0.0,0.0,NA,NA,NA,NA,NA,-30.563791194340507,-920.6448798659928,0.0,0.725002131828257,NA,NA,NA,NA,NA,NA,NA,0.0,NA,NA,NA,NA,NA,NA,NA,NA,NA,NA,NA
"cluster_CAR3_bin_5",1163.0665610229046,38.346300000000014,-22.072500000000023,-5.462455393271691,-144.09819884979098,-10350.0,-0.019039915165533626,-0.03518999999999998,-0.03518999999999998,-1.5715164934676398,-18.367822117720753,-52.68289500000006,-8.022754520725512,-23.540526957769508,-25.0056975515763,-2445.644437783521,0.0,0.0,-2.215763131962376,0.0,-0.016142536770778555,-0.4338542466634793,-38.794098755457995,-0.03518999999999998,0.0,-2.0931116557191847,-39.742403946989576,-0.21185760314328023,-17.163450000000005,-0.0002556716208108243,0.0,0.0,-0.018626003966282896,-6.75,0.0,-1.5814280457201129,0.0,0.0,0.0,0.0,0.0,-0.03518999999999998,678.7760669254592,214.32603792008996,0.0,173.9691757649799,-11.629486943263286,NA,0.0,NA,-0.6657281698060512,0.0,-0.03807983033106725,2.243928159845802,0.157817492333947,-9.152465587316891,-20.633245246251306,14153.608300739637,-89.92647216212211,32424.706438905007,0.0,-0.03518999999999998,0.0,-0.03518999999999998,0.0,-0.05422991516553363,-20704.521951117207,-12.78952887973854,-171.76604157071563,NA,NA,-10350.0,-0.035190000000056905,0.0,0.0,0.0,0.0,0.0,1884.891839381706,-18.247808505190584,0.0,85.97456230166667,-1.10391802762011,-0.03518999999999998,0.0,0.0,69.04301345542245,0.0,0.0,0.0,0.0,0.0,0.0,0.0,0.0,0.0,NA,0.0,0.0,-0.03518999999999998,0.0,NA,0.0,-0.038079830330978615,0.0,0.0,-16.223942550413575,0.0,-0.4173373979703726,0.0,NA,NA,0.0,0.0,0.0,0.0,-0.05892409836776166,0.43818166602046155,0.0,0.0,0.0,0.0,0.0,-6.5788839881008485,-2.8925555193613266,NA,0.0,0.0,0.0,0.0,0.0,0.0,0.0,0.0,0.0,NA,NA,NA,33322.9127052994,-5796.0,0.0,0.0,-55.790706590512414,-21.392553235975402,-92.77299934698044,0.0,0.0,0.0,61.57647941196455,-127.65128719364246,-63.34986424022668,0.01903991516790705,63.44656024299832,21647.85200320455,149.75917469170975,0.0,0.0,0.0,0.0,-0.8613296655709519,0.0,-6677.152095389818,0.0,0.0,0.0,NA,4.824298447199998,NA,NA,-0.057119745503768984,NA,-0.6314989590314769,NA,NA,0.0,NA,NA,NA,NA,NA,NA,NA,NA,NA,NA,0.0,NA,NA,NA,NA,NA,0.0,0.0,0.0,0.0,0.0,0.0,NA,NA,NA,NA,NA,NA,NA,NA,NA,NA,NA,NA,NA,NA,NA,NA,NA,NA,NA,NA,NA,NA,NA,NA,NA,NA,NA,NA
"cluster_CAR2_bin_8",-5714.960981282843,6.22754999999998,-3.2170499999999995,2.6093234846604774,623.2367024747575,-1189.3694343426835,-0.004966934391008771,-0.009179999999999999,-0.009179999999999999,-5.746672998971194,-4.791605769840192,-17.558415000000014,-2.092892483667528,-46.01623301746914,-6.7008631074340235,-23.80402948429448,0.0,-4.200773116146048,-7.145381050122337,0.0,-0.007864312785763888,-61.15094428453835,-20.148543631153434,-0.009179999999999999,0.0,-3.073392636895069,-16.220729697852118,0.0,-4.7898000000000005,-0.0005624775657837798,0.0,0.0,-0.002069555996253655,-2.25,0.0,-2.492383787166168,0.0,0.0,0.0,0.0,0.0,-0.009179999999999999,0.0,NA,0.0,14.63400011576994,-3.033779202590423,-16.776558917312038,2.27373675443232e-12,-472.2164364729678,0.0,0.0,-0.00993386878206355,-0.8422975465623583,0.0,-2.3875997184304922,-5.382585716413378,1089.1015033933068,-46.08499597841984,3948.1552749289517,0.0,-0.009179999999999999,0.0,-0.009179999999999999,0.0,-0.01414693439100876,1780.8124055331157,-3.3363988381926597,-44.80853258366497,0.0,0.0,-1289.6829359868134,-0.009180000000014845,0.0,0.0,0.0,0.0,0.0,-1940.4026308008522,-4.760297870919291,0.0,-3.2545030932922914,-0.2879786159008452,-0.009179999999999999,0.0,-62.03399249605863,-0.06313872490473325,0.0,0.0,0.0,0.0,0.0,0.0,0.0,0.0,0.0,0.0,0.0,0.0,-0.009179999999999999,0.0,0.0,0.0,-0.009933868784131541,0.0,0.0,-8.498255621645209,0.0,-0.657530222657329,0.0,0.0,0.0,0.0,0.0,0.0,0.0,0.709454889144022,-0.061858535260700155,0.0,0.0,0.0,0.0,0.0,-1.716230605591524,-0.7545797007029545,0.0,0.0,0.0,-0.014900803173668651,0.0,0.0,0.0,0.0,0.0,0.0,0.0,0.0,NA,7208.466103189065,-1297.4939283738365,0.0028973783947551165,-161.6740353789231,-14.554097371437862,-14.389625063494924,-24.201652003560117,0.0,0.0,0.0,-44.101900248817046,-34.47332579123796,-16.52605154092872,-13.117147180775882,22.78268830105702,8722.320170911602,-0.06790762121723312,0.0,-40.61560204785774,0.0,0.0,0.0,0.0,0.0,0.0,0.0,0.0,460.9641504792315,1.2585126384,NA,NA,-0.20140026856330234,NA,NA,NA,529.2143553345646,0.0,NA,-2.9282287176902555,NA,NA,NA,NA,NA,NA,NA,NA,NA,NA,NA,NA,NA,NA,NA,NA,NA,NA,NA,NA,0.0,0.0,NA,NA,NA,NA,NA,NA,NA,NA,NA,NA,NA,NA,NA,NA,NA,NA,NA,NA,NA,NA,NA,NA,NA,NA,NA,NA
"cluster_CAR2_bin_11",-11293.125484196866,5.3955,-5.3955,0.13269660925206284,-144.098198849791,-4603.159866176724,0.06698984162397657,-0.023714999999999983,-0.023714999999999983,-9.508859739421373,253.70969216781555,-15.321978447840866,-4.826798468263778,-79.84329348668858,-16.752157768585178,71.3464192532305,0.0,-10.85199721671063,-8.199562123481485,0.0,-4.555939490947608,-0.2923800357945266,-50.37135907788362,-0.023714999999999983,0.0,-2.1881051644703002,-41.90355171945137,0.0,-0.7983,-0.001176089455729807,0.0,0.0,-0.012831247176772666,-4.5,26.8002184485139,-3.6605898688385463,0.0,0.0,0.0,0.0,0.0,-0.023714999999999983,252.11437554549738,2.3729140155872006,-5.9834885471205475,-87.15882658854028,108.02093529296792,913.5963004439124,9.861444993930494e-12,-1284.1628688885555,-2.4456580057557624,0.0,67.18060381962513,-2.1759353286194303,0.0,-6.167965939278775,122.4477012057675,4045.548133758839,784.0560310185301,-5465.909581659668,NA,-0.023715000000002456,0.0,-0.023714999999999983,0.0,-0.11636733597752193,9890.262172607854,-8.61903033199771,-115.75537584113455,0.0,-11.188247348131348,-4603.159866176724,-0.023715000000038348,-4.884575883377182,0.0,0.0,0.0,0.0,-2020.2776145827047,-12.297436166541486,0.0,-8.407466324338424,-9.365201858078253,-0.023714999999999983,0.0,-115.66031666542285,-42.859424826960066,0.0,0.0,0.0,0.0,0.0,0.0,0.0,0.0,0.0,0.0,0.0,0.0,-0.023714999999999983,0.0,13.15911670905462,0.0,-0.02566249435432645,0.0,0.0,-23.949629479181958,0.0,0.1738484402109908,0.0,-18.41870008556288,-183.8227045387501,0.0,0.0,0.0,0.0,-0.03970971846523068,-0.15980121609014208,0.0,0.0,0.0,0.0,-114.60129522415924,-4.43359573111144,-1.949330893482633,0.0,0.0,0.0,-0.03849374153218085,0.0,0.0,0.0,0.0,0.0,0.0,0.0,0.0,NA,23427.128153020574,-3769.3937856297634,0.0,-1541.9358667654546,-37.59808487621456,-37.17319808069521,-62.52093434253035,0.0,0.0,0.0,786.1549466542068,-89.05609162736478,-42.692299814065834,-33.8859635503377,2.5485576703241546,27295.72360323712,-17.8505212241833,0.0,63.2731704217997,0.0,0.0,0.0,0.0,0.0,0.0,0.0,0.0,7764.3065418527785,3.2511576491999987,-0.9979171774023573,NA,-1.2231764147001016,NA,-13.584692094488766,NA,NA,0.0,-107.75564700345163,-1.4518607178610992,-8.899671597666373,-9.143737079705591,NA,-57.48045452500663,NA,NA,0.0,NA,NA,NA,NA,NA,NA,NA,NA,NA,NA,NA,NA,NA,NA,NA,-15.459946708215503,NA,0.0,-0.28503505208053176,-160.40629038181535,NA,0.0,NA,NA,NA,0.7222960591350661,0.0,0.0,NA,NA,NA,NA,NA,NA,NA,NA,NA,NA,NA,NA,NA
"cluster_CAR1_bin_5",-590.3067471524275,25.50600000000002,-25.50600000000003,-69.10042109523873,-264.95475272380907,-8335.879305081644,0.05546315044345761,-0.043605,-0.043605,-26.851970730564545,-22.760127406740935,-125.6726213611017,-9.651319073482087,-218.57710683297853,-31.82909976031149,139.09601230435612,0.0,-19.953672301693743,-16.483107851038532,212.68219167418303,-7.388060115391229,-0.5376020012996133,-84.93867819574042,-0.043605,0.0,-5.657137429092901,121.73520771498973,104.34070349833902,0.0,-0.0007670148624325032,0.0,0.0,NA,-2.25,0.0,99.33946324918827,0.0,0.0,0.0,NA,NA,-0.17689100396628257,12797.326849412044,NA,0.0,NA,0.0,-12.158098123849326,5.515587986337563e-13,-95.99508907127397,-0.9337826819088226,0.0,53.66885997442289,-3.3984492172482024,0.0,0.0,0.04718587671448548,6675.401907243494,-218.90373089649637,5552.712135465953,0.0,-0.043605000000000345,0.0,-0.043605,0.0,-0.01296802319175803,0.0,-15.84789448141515,-212.8405297724084,0.0,-20.571938672370546,-6743.705904736165,-0.04360500000007051,-8.981316946854815,0.0,0.0,0.0,NA,11129.046729246083,0.0,NA,-15.458889693138376,-48.95913857268029,-0.043605,NA,319.07354991477337,NA,0.0,0.0,0.0,0.0,0.0,0.0,0.0,0.0,0.0,0.0,NA,0.0,-0.043605,NA,NA,0.0,-0.04718587672369793,0.0,-2.844834075485118,406.8038021863715,0.0,NA,0.0,NA,0.0,0.0,0.0,0.0,0.0,-0.0721475961682968,0.024961719500424806,0.0,0.0,0.0,0.0,-112.74141294464371,-8.152095376559751,-3.5842535783390344,0.0,0.0,NA,-0.07077881507212334,0.0,0.0,0.0,0.0,0.0,0.0,NA,NA,0.0,12727.244406806027,-6995.565677383828,0.0,-6919.375323603637,324.08634638985023,643.7844543210256,-114.9578470169105,0.0,0.0,0.0,305.24727857064266,-149.38441176203133,-78.4987448194113,-62.306449108685364,132.99944461223245,12675.415352446475,-23.2616226696073,0.0,0.0,0.0,0.0,0.0,0.0,0.0,0.0,0.0,0.0,-294.666470739038,5.977935032399997,-1.5083643650564513,NA,NA,0.0,-0.7825095796694389,99.5385813250713,3535.666168083604,0.0,-24.331920291102904,31.682565132050108,-16.36391229248333,22.93906146882756,0.0,-105.68986799759283,1.4729426524745723,0.0,0.0,0.0,0.0,0.0,0.0,0.0,0.0,0.0,0.0,0.0,0.0,0.0,0.0,0.0,NA,NA,NA,NA,NA,NA,NA,NA,NA,NA,NA,NA,NA,NA,NA,NA,NA,NA,NA,NA,NA,NA,NA,NA,NA,NA,NA,NA
"cluster_CAR3_bin_17",-3440.645040344393,-160.1226857315654,0.3078,-2.137309916330326,-97.61490889824552,-2637.162858606889,-0.00869213518426535,-0.016065,-0.016065,-7.833047675454439,-6.388807693120247,-0.015246850813355193,-3.139338725501292,-80.5284077805709,-10.139637446159776,184.14156521237362,0.0,-7.351352953255588,-15.948192690594505,0.0,-0.00869213518426535,-0.1980638952156471,-28.631798542007616,-0.016065,0.0,-0.7683481592237671,-28.38627697124122,0.0,-1.19745,-0.0008692835107567192,0.0,0.0,-0.00869213518426535,-2.25,0.0,-3.3979610070021757,0.0,0.0,0.0,0.0,0.0,-0.09630000000000002,0.0,NA,-4.053330940314061,-28.238993510797297,-5.309113604533242,-32.02797611486845,1.9577672816240006e-12,-1029.611296737456,-0.83471341356369,0.0,-0.017384270368525103,-1.4740207064841284,-321.0064525806057,-4.178299507253361,-9.419525003723415,2764.6380924131713,-80.64874296239631,16033.072273104128,0.0,-0.016065,0.0,-0.016065,0.0,0.055477864815752995,-3424.5072798822516,-5.838697966837157,-78.41493202141372,0.0,-7.579135300347023,-2637.162858606889,-0.01606500000002598,0.0,0.0,0.0,0.0,0.0,-2807.9461198980052,118.50184251073448,0.0,-3.5257116843999823,-17.98645895841265,-0.016065,0.0,184.97040822425808,0.0,0.0,0.0,0.0,0.0,0.0,0.0,0.0,0.0,0.0,0.0,0.0,0.0,-0.016065,0.0,-10.5526387675906,0.0,-0.017384270368661286,0.0,0.0,-16.223942550413575,0.0,NA,0.0,0.0,606.3563099005336,0.0,0.0,0.0,0.0,-0.002272662124599242,-0.015111608207992393,0.0,0.0,0.0,0.0,0.0,-3.003403559785168,-1.3205144762301706,0.0,0.0,0.0,-0.026076405552871752,0.0,0.0,0.0,0.0,0.0,0.0,0.0,0.0,NA,12228.4715054736,-2345.084444640266,0.0,-1094.417117190442,-25.46967040001635,-25.181843861116104,-42.35289100623022,0.0,0.0,0.0,-110.25475062204264,-60.32832013466643,-28.92059019662526,-22.955007566357796,7.098546808900634,9758.60247163648,-0.11883833712938797,80.06134286578259,-71.07730358375109,0.0,0.0,728.8529783452665,0.0,0.0,0.0,0.0,0.0,8.220022220515066,2.2023971171999994,-0.6760084104983889,0.0,-0.8286033777000584,NA,NA,NA,NA,0.0,NA,NA,NA,NA,NA,NA,NA,NA,NA,NA,0.0,NA,NA,NA,NA,NA,NA,NA,NA,NA,NA,NA,NA,NA,NA,NA,NA,NA,NA,0.0,NA,NA,NA,NA,NA,NA,NA,0.0,0.0,0.0,0.0,NA,NA,NA,NA,NA,NA,NA,NA,NA
"cluster_CAR2_bin_14",-1707.6219257394137,0.0,0.0,26.47020880924987,-185.93315980618183,-5940.558177687048,-0.016556447970029246,-0.030599999999999968,-0.030599999999999968,115.35490652972057,-15.972019232800642,-100.7369533181134,-5.838062572061579,81.42737417453,-21.778219010359862,359.43613620070744,0.0,-14.00257705382017,-10.295583524561318,0.0,-0.012831247176772666,-193.66352012915374,-65.50477390071711,-0.030599999999999968,0.0,-3.0226261036000284,-54.06909899284044,-0.18831786946069354,0.0,-0.001994238642324429,0.0,0.0,-0.016556447970029246,-72.0,0.0,-4.412603896387506,0.0,0.0,0.0,0.0,0.0,-0.02524499999999998,0.0,-31.101189477548907,-7.720630368222675,106.4702411204773,-10.112597341968078,-61.00566879022557,3.069544618483633e-12,-2043.9244517967036,-1.8119018686395056,0.0,-0.03311289594005431,-2.8076584885411955,0.0,-7.958665728101648,-17.941952388044612,5745.596157406842,-153.61665326103147,1007.3780926419927,0.0,-0.030599999999999968,0.0,-0.030599999999999968,0.0,-0.052511447970083655,-13480.393917787727,-11.121329460642208,-149.36177527888321,NA,-14.436448191137204,-5940.558177687048,-0.03060000000004948,0.0,0.0,0.0,0.0,0.0,13602.14696345442,-15.867659569730966,0.0,-9.221092097661495,-31.020676050251076,-0.030599999999999968,0.0,-232.85280862281343,-55.30248364769043,0.0,0.0,0.0,0.0,0.0,0.0,0.0,0.0,0.0,0.0,0.0,0.0,-0.030599999999999968,0.0,0.0,0.0,-0.033112895933850695,0.0,-1.9963747898141173,282.31194429134325,0.0,-0.5005058250380809,0.0,0.016556447972106994,-237.19058650161287,0.0,0.0,0.0,0.0,0.673588046654295,-0.20619511753566713,0.0,0.0,0.0,0.0,0.0,-5.720768685305085,-2.515265669009849,0.0,0.0,0.0,-0.049669343913127995,0.0,0.0,0.0,0.0,0.0,0.0,0.0,0.0,NA,25612.344547068926,-4978.857457845876,0.0,-5481.036928984751,-48.51365790479294,-47.96541687831642,-80.6721733452004,0.0,0.0,0.0,-42.866569055077946,-114.91108597079331,-55.08683846976234,-40.22862078320152,249.8798346844776,29518.556470947282,-0.22635873738931048,0.0,-135.38534015952575,0.0,0.0,-0.7489823178877841,0.0,0.0,0.0,0.0,0.0,3624.6929530238012,4.195042127999998,-1.2554441909255454,NA,-1.5782921480001195,NA,NA,NA,-313.5590117199557,0.0,-139.03954452058275,-16.110101946834853,NA,NA,NA,912.4528278197747,NA,NA,NA,NA,0.0,NA,NA,NA,NA,NA,0.0,0.0,0.0,0.0,0.0,0.0,NA,NA,NA,NA,NA,NA,NA,0.0,0.0,NA,NA,NA,NA,NA,NA,0.0,0.0,0.0,0.0,0.0,NA,NA,NA,NA,NA,NA,NA,NA
"cluster_CAR4_bin_9",-11821.292363112758,10.675799999999954,-0.6970500000003701,-1.395183304071852,-120.85655387401823,-4032.9548890697106,-0.014085154633326344,-0.01988999999999999,-0.01988999999999999,-12.45112483110545,-10.381812501320422,-52.667595000000034,-4.53460038127964,-99.70183820451643,-14.518536732773864,-342.6997272915482,0.0,-9.101675084983109,-6.261076450642877,0.0,-0.014085154633326344,-0.25930706874164405,-43.65517786749913,-0.01988999999999999,0.0,-6.003018994922224,-35.1449143453463,0.0,-9.97875,-0.0013294924282162687,0.0,0.0,-0.014085154633326344,-9.0,0.0,-6.569679673958525,0.0,0.0,0.0,0.0,0.0,-0.019124999999999993,0.0,NA,0.0,-21.63161833157298,116.05515592985394,-39.65368471364664,2.1600499167107078e-12,-749.8676247857509,-0.166942682712738,0.0,-0.028170309266654255,-1.8249780175517811,0.0,-5.173132723266068,-11.662269052228993,4467.933834330022,-99.85082461976904,-6112.0562066754765,0.0,-0.01988999999999999,0.0,-0.01988999999999999,0.0,-0.034740154633326394,12759.244425785164,-7.228864149417434,-97.08515393127414,0.0,0.0,-4032.9548890697106,-0.019890000000032163,0.0,0.0,0.0,0.0,0.0,-3623.22068150413,-10.313978720325116,0.0,-6.780214777692278,192.10903391853762,-0.01988999999999999,0.0,-145.5330053892583,-0.1147079787966956,0.0,0.0,0.0,0.0,0.0,0.0,0.0,0.0,0.0,0.0,0.0,0.0,-0.01988999999999999,0.0,0.0,0.0,-0.028170309268456466,0.0,0.0,-16.996511243290414,0.0,0.13916144229763594,0.0,0.0,0.0,0.0,0.0,0.0,0.0,-0.033304925164387024,-0.13402682639818372,0.0,0.0,0.0,0.0,0.0,-3.7184996454483077,-1.6349226848564018,0.0,0.0,0.0,-0.04225546389786233,0.0,0.0,0.0,0.0,0.0,0.0,0.0,0.0,NA,21532.994676640585,-3028.230525692636,0.0,-1012.1639848162802,-31.533877638115452,-31.177520970905647,-52.43691267438029,0.0,0.0,0.0,-143.3311758086554,-74.6922058810156,-35.80644500534555,-1.7831891382622542,72.29379409720217,24000.0,-0.17243920071378513,0.0,0.0,0.0,0.0,0.0,0.0,0.0,0.0,0.0,0.0,9064.87153919889,2.726777383199999,NA,NA,-0.23445307139088667,NA,NA,NA,NA,0.0,NA,-0.9053258056847804,NA,NA,NA,NA,NA,NA,NA,NA,0.0,NA,NA,NA,NA,NA,NA,NA,NA,NA,NA,NA,0.0,0.0,NA,NA,NA,NA,NA,NA,NA,NA,NA,NA,NA,NA,NA,NA,NA,NA,NA,0.0,NA,NA,NA,NA,NA,NA,NA,NA
"cluster_CAR3_bin_7",-2996.9447723030357,0.0,-5.3955,-18.72,-60.42827693700916,-1767.30224386312,-0.006045862858540167,-0.009944999999999999,-0.009944999999999999,-0.5210096389295974,-4.791605769840197,-0.00994500000001475,-1.9655589830206324,-49.850919102258224,-6.700863107434119,1.6595766419055116,0.0,-4.550837542491553,-0.6651473018751145,0.0,-2.0421321564351183,-0.12965353437081498,-0.2547691950386518,-0.009944999999999999,0.0,-0.48684902156241017,-0.6738122813025028,-0.06120330757472541,0.0,0.0,0.0,0.0,-0.006045862858540167,0.0,0.0,-0.0315168519113213,0.0,0.0,0.0,0.0,0.0,-0.01117506637373386,0.0,NA,0.0,NA,-0.11846817035317367,NA,4.54747350886464e-13,NA,-0.20375359653627492,0.0,-0.012091725717080401,-0.772106084348831,0.0,-2.586566361633033,-5.386337951600847,361.61237903938337,259.6208276331371,-3893.033149612359,0.0,-0.009944999999999999,0.0,-0.009944999999999999,0.0,-0.01476079648480632,829.3674562038307,-3.6144320747087146,-48.54257696563705,NA,NA,-111.310988519914,-0.009945000000016082,0.0,0.0,0.0,0.0,0.0,0.0,7.914369174870646,0.0,-3.2545030932922914,-0.2166211358872392,-0.009944999999999999,0.0,0.0,0.0,0.0,0.0,0.0,0.0,0.0,0.0,0.0,0.0,0.0,NA,0.0,0.0,-0.009944999999999999,0.0,NA,0.0,-0.012091725717767052,0.0,-0.6488218066895876,-10.043393007398882,0.0,0.05492168748463655,0.0,NA,NA,0.0,0.0,0.0,0.0,NA,-0.06701341319909183,0.0,0.0,0.0,0.0,-44.36179169967455,-1.859249822724153,-0.8174613424282007,NA,0.0,0.0,-0.016742389454418763,0.0,NA,0.0,0.0,NA,NA,0.0,0.0,NA,8447.809726218129,-1638.0,0.0,3354.1641591932475,-15.766938819057748,-14.389625063494924,-24.201652003560117,0.0,0.0,0.0,-66.15285037322558,-37.34610294050779,-17.90322250267278,-14.210242779173873,0.6880427408200842,11263.483749046783,-0.08621960035659205,0.0,0.0,0.0,0.0,0.0,0.0,0.0,0.0,0.0,0.0,0.0,1.3633886916,NA,NA,NA,NA,NA,NA,NA,0.0,NA,8.538047792325171,NA,NA,NA,-24.104706736293085,NA,NA,NA,NA,NA,NA,NA,NA,NA,NA,0.0,0.0,0.0,0.0,NA,NA,NA,NA,NA,NA,0.0,NA,NA,NA,0.0,NA,NA,NA,NA,NA,NA,NA,NA,NA,NA,NA,NA,NA,NA,0.0,NA,NA,NA,NA
"cluster_CAR4_bin_12",-2224.5323747150987,0.0,0.0,-20.87673684920535,-74.37326392247286,-2619.6641328796904,-0.006622579188011694,-0.01224,-0.01224,-7.217504650747519,-6.388807693120265,2.239954746214154,-2.790523311556694,-61.35497735662547,-8.934484143245703,2.319361791509314,0.0,-5.601030821528066,-23.934933228321487,0.0,-0.006622579188011694,-0.15090582492620735,-26.86472484153791,-0.01224,0.0,-3.455892318345401,-21.627639597136266,0.0,0.0,-0.0007670148624324053,0.0,0.0,-0.006622579188011694,-2.2514277313516757,0.0,-4.183531278672624,0.0,0.0,0.0,0.0,0.0,-0.01224,0.0,-2.637281047083535,-3.088252200880482,-35.968511267088374,-4.045038936787231,-24.402267516090244,2.160049916710704e-12,-817.5697807186812,-2.0694798226084736,0.0,-0.013245158375971199,-1.1230633954164915,0.0,108.17590543364791,-7.176780955217837,2594.041297193982,-61.44666130496317,4985.00878143308,0.0,-0.01224,0.0,-0.01224,0.0,-0.01886257918801168,306.7989434950544,-4.44853178425688,-59.7447101115533,NA,-5.774579276454881,-2355.402570489778,-0.012240000000019792,0.0,0.0,0.0,0.0,0.0,-2893.007035929872,-6.347063827892363,0.0,-4.3393374577230555,-15.923968270611056,-0.01224,0.0,-93.14112344912517,-0.04276596300213935,0.0,0.0,0.0,0.0,0.0,0.0,0.0,0.0,0.0,0.0,0.0,0.0,-0.01224,0.0,78.9547002543277,0.0,-0.013245158377262811,0.0,0.0,-6.1805495430147,0.0,NA,0.0,0.0,-94.87623460064536,NA,NA,NA,NA,0.7147356240742124,-0.008762403517746523,0.0,0.0,0.0,0.0,0.0,-2.288307474122032,-1.0061062676039394,0.0,0.0,0.0,-0.019867737564852956,0.0,0.0,0.0,0.0,0.0,0.0,NA,NA,0.0,11771.161688526783,-1988.5636325513233,0.0,6162.7626016106515,-19.405463161917538,-19.18616675132656,-32.26886933808016,0.0,0.0,0.0,-80.67425863290194,-45.96443438831727,-22.03473538790496,-17.489529574367843,5.0334247983902705,6606.50154171219,-0.09054349495572415,0.0,-54.154136063810355,0.0,0.0,0.0,0.0,0.0,0.0,0.0,0.0,168.3035062668555,1.6780168511999998,NA,NA,NA,NA,-79.17435206616432,NA,NA,NA,-55.61581780823314,8.546703156211377,NA,NA,NA,-29.66733136774529,NA,NA,NA,NA,0.0,NA,NA,NA,NA,NA,NA,NA,NA,NA,NA,NA,NA,NA,NA,NA,0.0,-10.378482624415376,-93.42474400607487,NA,0.0,NA,NA,NA,1.494104503574982,0.0,0.0,NA,NA,NA,NA,NA,NA,NA,NA,NA,NA,NA,NA,NA
"cluster_CAR3_bin_20",-449.39616973583736,0.0,NA,-0.6320019036305558,-79.02159291762737,-2426.3404752517004,-0.007036490387262425,-0.013005,-0.013005,-0.5807778345423884,-6.788108173940273,-0.01300500000002103,-2.964931018528995,-65.18966344141458,-9.49288940219835,694.7873268979932,0.0,-5.95109524787357,-6.390703420126403,0.0,-2.670480512279689,-0.1603374389840953,-28.54377014413403,-0.013005,0.0,-3.2840320175212327,-22.979367071957203,-0.08003509452079477,0.0,0.0,0.0,0.0,-0.007036490387262425,0.0,0.0,-4.211627072718312,0.0,0.0,0.0,0.0,0.0,-0.013005,0.0,NA,NA,-0.7400246769815384,NA,-25.927409235845886,1.1368683772161618e-13,-524.2839678853509,-0.26010295657382565,0.0,-0.014072980774636947,-1.1932548576300144,0.0,NA,NA,1112.9477765080742,-65.28707763622005,4801.959720562178,0.0,-0.013005,0.0,-0.013005,0.0,-0.02004149038726241,22.458742367053475,-4.726565020772935,-63.478754493525386,0.0,184.3109992847801,-2297.072417462984,-0.01300500000002103,0.0,0.0,0.0,0.0,0.0,-2233.681062678801,NA,0.0,-4.610546048830747,-16.919216287524247,-0.013005,0.0,-98.96244366469561,NA,0.0,0.0,0.0,0.0,0.0,0.0,0.0,0.0,0.0,0.0,NA,0.0,-0.013005,0.0,203.8673148656323,0.0,-0.014072980776404618,0.0,-0.848459285670999,-13.13366777890623,0.0,NA,0.0,0.0,-100.80599926318558,0.0,0.0,0.0,0.0,0.037772034570782445,-0.05184501541250599,0.0,0.0,0.0,0.0,2.6634440218924285,-2.431326691254659,-1.0689879093291856,0.0,0.0,0.0,-0.021109471162802842,0.0,0.0,0.0,0.0,0.0,0.0,0.0,0.0,0.0,10789.291421296586,-2047.6096059462936,0.0,107.74645900520679,-20.618304609537162,-20.38530217328447,-34.28567367171017,0.0,0.0,0.0,-93.71653802873624,-48.83721153758711,-23.41190634964902,-18.582625172765834,1.038261999944327,7772.29890753457,0.0,0.0,0.0,0.0,0.0,0.0,0.0,0.0,0.0,-17.621704251260198,0.0,2746.017204557461,1.7828929043999997,-0.5472449037367813,NA,-0.021109471162299883,NA,170.1150084229206,-9.288574559799729,-133.26258018423144,0.0,-59.09180642124771,-0.5689065853469399,NA,-0.09620246339105698,NA,-31.521539578229408,NA,0.0,0.0,NA,0.0,NA,-0.006081402304690488,NA,NA,NA,0.0,0.0,0.0,0.0,NA,NA,NA,NA,NA,NA,0.0,-11.027137788441353,-99.26379050645455,NA,NA,NA,NA,NA,0.0,0.0,NA,0.0,0.0,0.0,0.0,0.0,NA,NA,NA,NA,NA,0.0,0.0,0.0
"cluster_CAR3_bin_1",134.24882460426795,2.452499999999997,-2.4525,-0.6221339975536141,-32.53830296608185,-1135.61197324634,-0.0028973783947551165,-0.0053549999999999995,-0.0053549999999999995,-2.9074999015173932,-2.7951033657401094,-0.005099328379177592,-1.220853948806058,-26.84280259352365,-3.908836812669817,103.31064543832598,0.0,-2.450450984418528,-0.1520165584194625,0.0,-0.001655644797002924,-0.06602129840521573,-11.753317118172838,-0.0053549999999999995,0.0,0.0,-5.482677198882406,-0.032955627155621385,0.0,-0.00025567162081080523,0.0,0.0,-0.0028973783947551165,0.0,0.0,-1.3652007574735745,0.0,0.0,0.0,0.0,0.0,-0.01360737839475511,0.0,NA,-1.35111030810083,NA,-0.16801141819170998,-10.675992038289479,5.846434447676072e-13,-350.5812980457823,-0.10710121741277209,0.0,-0.005794756789499929,-0.4913402354947083,-140.34816827499088,-1.392766502417787,-0.2880336565973423,309.23826379448377,-26.88291432073523,2033.5386976927998,0.0,-0.0053549999999999995,0.0,-0.0053549999999999995,0.0,0.0,-778.9070527969272,-1.9462326556123848,-26.13831067380456,NA,-2.526378433449009,-243.89212034577687,-0.005355000000008659,0.0,0.0,0.0,0.0,0.0,-1265.6905782193191,1.8508606238605179,0.0,-1.8984601377538368,-0.1679875259421597,-0.0053549999999999995,0.0,-29.127817299258833,0.0,0.0,0.0,0.0,0.0,0.0,0.0,0.0,0.0,0.0,0.0,0.0,0.0,-0.0053549999999999995,0.0,0.0,0.0,-0.0057947567902152395,0.0,-0.3493655882174703,-3.090274771507348,0.0,0.03925609939872034,0.0,0.0,-41.508352637782245,0.0,0.0,0.0,0.0,-0.00896671062118111,-0.03608414556874176,0.0,0.0,0.0,0.0,0.0,-1.001134519928389,-0.44017149207672335,0.0,0.0,0.0,-0.008692135184238399,0.0,0.0,0.0,0.0,0.0,0.0,0.0,0.0,NA,4794.3886342927235,-873.22617623174,0.0,2920.7836809906107,-8.48989013333873,-8.393947953705371,-14.117630335410068,0.0,0.0,0.0,-23.53007898825063,-20.10944004488881,-9.64019673220842,-7.651669188785929,0.6950286377517725,2101.7550072665763,-0.03961277904312931,0.0,0.0,0.0,0.0,0.0,0.0,0.0,0.0,0.0,0.0,102.14783025336152,0.7341323724000001,-0.22533613683279513,0.0,-0.27620112590002,NA,NA,NA,-54.87282705400625,0.0,NA,NA,NA,NA,NA,NA,NA,NA,NA,NA,NA,NA,NA,NA,NA,NA,0.0,0.0,0.0,0.0,0.0,0.0,NA,NA,NA,NA,NA,NA,NA,NA,NA,NA,NA,NA,NA,NA,NA,NA,NA,NA,NA,NA,NA,NA,NA,NA,NA,NA,NA,NA
